{"cameraMode":{"drawMode":0,"name":"Shaded","section":"Shading Mode"},"sceneLighting":false,"audioPlay":false,"sceneViewState":{"showFog":true,"showMaterialUpdate":true,"showSkybox":true,"showFlares":true,"showImageEffects":true,"showParticleSystems":true},"in2DMode":false,"pivot":{"x":-0.000004351139068603516,"y":-0.39999958872795107,"z":-0.0000026226043701171877},"rotation":{"x":-0.32703104615211489,"y":-0.027779996395111085,"z":0.009617713280022145,"w":-0.9445562958717346},"size":2.680945873260498,"orthographic":false}