{"cameraMode":{"drawMode":0,"name":"Shaded","section":"Shading Mode"},"sceneLighting":false,"audioPlay":false,"sceneViewState":{"showFog":true,"showMaterialUpdate":true,"showSkybox":true,"showFlares":true,"showImageEffects":true,"showParticleSystems":true},"in2DMode":false,"pivot":{"x":-0.10106781870126724,"y":1.3744828701019288,"z":0.5969288349151611},"rotation":{"x":-0.3115366995334625,"y":-0.0008571937796659768,"z":0.00028055530856363475,"w":-0.9502337574958801},"size":4.647729396820068,"orthographic":false}