{"cameraMode":{"drawMode":0,"name":"Shaded","section":"Shading Mode"},"sceneLighting":false,"audioPlay":false,"sceneViewState":{"showFog":true,"showMaterialUpdate":true,"showSkybox":true,"showFlares":true,"showImageEffects":true,"showParticleSystems":true},"in2DMode":false,"pivot":{"x":-0.15787282586097718,"y":0.9861012101173401,"z":0.05851125717163086},"rotation":{"x":0.23483826220035554,"y":0.18985135853290559,"z":-0.04682397469878197,"w":0.9521633386611939},"size":4.156671524047852,"orthographic":false}