{"cameraMode":{"drawMode":0,"name":"Shaded","section":"Shading Mode"},"sceneLighting":false,"audioPlay":false,"sceneViewState":{"showFog":true,"showMaterialUpdate":true,"showSkybox":true,"showFlares":true,"showImageEffects":true,"showParticleSystems":true},"in2DMode":false,"pivot":{"x":-1.2874635457992554,"y":1.1675832271575928,"z":0.947437047958374},"rotation":{"x":0.04020213708281517,"y":0.17032979428768159,"z":-0.006954479031264782,"w":0.9845421314239502},"size":5.639410495758057,"orthographic":false}